How did Arthur Samuel (1959) define Machine Learning?,The field of study that gives computers the ability to learn without being explicitly programmed.
"According to Tom Mitchell (1998), what three components define a well-posed learning problem?","A task ($T$), a performance measure ($P$), and experience ($E$)."
"According to Tom Mitchell's definition, when is a computer program said to learn?","When its performance on task $T$, as measured by performance measure $P$, improves with experience $E$."
"In the context of Computer Vision, what is the primary goal from a scientific perspective?",To explore and construct computational models of human vision to understand the foundations of perception.
"In the context of Computer Vision, what is the primary goal from an engineering perspective?",To build artificial systems that perceive the real world in order to solve practical problems.
What type of photoreceptor in the human retina is responsible for perception in low-light conditions?,Rods.
How are rods and cones distributed across the human retina?,"Cones are densely concentrated in the central region (fovea), whereas rods predominate in the peripheral regions."
What evolutionary advantage is provided by having a high density of rods in peripheral vision?,"It enables rapid detection of motion and potential hazards from the side, even in low light."
Why do humans perceive scenes primarily in grayscale under dim or low-light conditions?,"Dim light activates rods, which detect light intensity rather than colour."
"Why is the RGB (Red, Green, Blue) colour model standard in digital imaging sensors?","It corresponds to human visual cones, which are particularly sensitive to these three specific light frequency bands."
"In a digital camera pipeline, what component converts projected light into a structured digital image?",A digitizer.
How many total scalar values represent a single $32 \times 32$ RGB image array?,$3072$ values ($32 \times 32 \times 3$).
"In a linear image classifier represented by $f(x, W) = Wx + b$, what does the vector $x$ represent?",The flattened vector containing all pixel color values of the input image.
What are the matrix dimensions of weights $W$ for a dataset with $3072$ input features and $10$ target classes?,$10 \times 3072$.
"In a linear classification model $f(x, W) = Wx + b$ for $10$ output classes, what are the dimensions of bias vector $b$?",$10 \times 1$.
"What term describes the raw, unnormalised numerical output scores generated by a linear classifier?",Logits.
What is the primary function of applying Softmax to raw classification logits?,To transform raw class scores into normalized values that can be interpreted as probabilities.
How does the Softmax function guarantee that all unnormalised probabilities are non-negative?,By taking the exponential ($e^s$) of each raw class score $s$.
How does the Softmax function ensure that all output probabilities sum strictly to $1$?,By dividing each exponentiated score by the sum of all exponentiated class scores.
What is the expression for Cross-Entropy loss $L_i$ given target class probability $P_i$?,$L_i = -\log(P_i)$.
What value does Cross-Entropy loss approach as the model's predicted probability for the correct class approaches $1.0$?,Zero.
What happens to the Cross-Entropy loss as the predicted probability for the ground truth class approaches $0$?,It approaches positive infinity.
What is the primary objective of adding regularisation to a machine learning loss function?,To prevent overfitting by discouraging the model from fitting training data too tightly.
What parameter phenomenon in neural networks is a typical sign of overfitting?,Model weights becoming excessively large in magnitude.
"In regularised training, what two distinct components form the total objective loss?",Data loss (prediction error) and regularisation loss (penalty term).
What is the mathematical expression for $L_2$ weight regularisation penalty?,"$R(W) = \sum_k \sum_l W_{k,l}^2$."
What specific structural effect does $L_1$ regularisation encourage in model weights?,"It enforces sparsity, driving many weight values strictly to zero."
What defines Elastic Net regularisation?,A regularisation technique that combines both $L_1$ and $L_2$ penalties.
What role does the hyperparameter $\lambda$ serve in regularised objective functions?,It controls the relative trade-off weight between data loss and regularisation penalty.
Name two complex regularisation techniques used in deep neural networks beyond norm penalties.,Dropout and Batch Normalisation.
Why is standard full-batch Gradient Descent computationally expensive for large datasets?,It requires computing gradients across the complete dataset for every parameter update step.
How does Stochastic Gradient Descent (SGD) reduce the computational cost per update step?,"It estimates the loss gradient using small, randomly sampled minibatches of data."
What graph ordering principle determines the sequence of node evaluations during a forward pass?,Topological sorting of nodes.
In what order are nodes evaluated during the backward pass of a computational graph?,Reversed topological sort order.
How is a downstream gradient computed at a specific node using backpropagation?,By multiplying the local gradient of the node by the incoming upstream gradient.
How does an addition gate ($+$) route an incoming upstream gradient during backpropagation?,It passes the upstream gradient equally and unchanged to all input branches.
How does a scalar multiplication gate ($x \times y$) compute the local gradient with respect to input $x$?,The local gradient with respect to $x$ equals the current value of input $y$.
"How does a $\max(x, y)$ gate route the upstream gradient during backpropagation?",It forwards the full upstream gradient to the branch with the higher value and $0$ to the other.
What operation does a copy / split gate perform on gradients during backpropagation?,It sums all incoming upstream gradients from its multiple outgoing paths.
What are the dimensions of a Jacobian matrix for a operation mapping vector $x \in \mathbb{R}^D$ to vector $z \in \mathbb{R}^D$?,$D \times D$.
Why is the Jacobian matrix sparse for elementwise neural network operations such as ReLU?,"Each output element depends strictly on a single corresponding input element, leaving all off-diagonal entries as zero."
Why do automatic differentiation frameworks avoid explicitly constructing full Jacobian matrices?,"Explicit construction requires immense memory, whereas implicit matrix-vector multiplication achieves identical results efficiently."
"For an elementwise ReLU activation $y = \max(0, x)$, what is the local gradient $\frac{dy}{dx}$ when input $x > 0$?",$1$.
"For an elementwise ReLU activation $y = \max(0, x)$, what is the local gradient $\frac{dy}{dx}$ when input $x < 0$?",$0$.
"Given an upstream gradient $\frac{\partial L}{\partial y} = [4, -1, 5, 9]^T$ and input vector $x = [1, -2, 3, -1]^T$, what is $\frac{\partial L}{\partial x}$ through an elementwise ReLU gate?","$[4, 0, 5, 0]^T$."
What encoding format represents categorical targets as a vector containing a single $1$ for the true class and $0$ elsewhere?,One-hot encoding.
Why is self-supervised pre-training widely used before training supervised models in computer vision?,It allows models to learn effective feature representations from vast unlabelled data before fine-tuning on labelled datasets.
"In gradient-based optimization, why are weight updates applied in the direction of the negative gradient?","The negative gradient points in the direction of steepest descent, which reduces the loss function."
What general architectural strategy is recommended regarding model size and regularisation in modern deep learning?,Use large model architectures paired with heavy regularisation.