"In sequence modeling taxonomy, which mapping type describes an image captioning network that takes a single image and produces a sentence?",One-to-many
"Which sequence mapping configuration best fits video action classification, where a sequence of video frames produces a single action label?",Many-to-one
How does frame-level video classification differ from sequence-to-sequence machine translation in terms of sequence alignment?,"Frame-level video classification uses synced/aligned many-to-many mapping (1-to-1 per frame), whereas machine translation uses unsynced many-to-many mapping (encoder-decoder)."
What constraint must be placed on 1D convolutions in a Temporal Convolutional Network (TCN) to ensure causality during time-series forecasting?,"The output at time step $t$ must depend strictly on inputs from time steps $\le t$, preventing future information leakage."
How do dilated 1D convolutions expand the receptive field of a Temporal Convolutional Network (TCN) without increasing parameter counts?,"By inserting spaces (zeros) between kernel elements at exponentially increasing dilation rates ($d = 1, 2, 4, \dots$) across network layers."
What is the primary operational advantage of training Temporal Convolutional Networks (TCNs) over Recurrent Neural Networks (RNNs) on sequence data?,"TCN computations can be parallelized across time steps during training, as outputs do not depend on sequentially computed hidden states from previous time steps."
What is a main structural limitation of standard 1D Convolutional Neural Networks when dealing with variable or extremely long sequence contexts?,Their receptive field (context history size) is fixed by the kernel size and depth; increasing context capacity requires altering the network depth or structure.
What key structural property enables a vanilla Recurrent Neural Network (RNN) to process input sequences of arbitrary length using a constant model size?,"Parameter sharing across time steps (reusing the exact same weight matrices $W_{hh}$, $W_{xh}$, $W_{hy}$ at every step)."
"In a vanilla RNN, what formula expresses the hidden state update $h_t$ using previous hidden state $h_{t-1}$ and current input $x_t$?",$h_t = \tanh(W_{hh} h_{t-1} + W_{xh} x_t + b_h)$
How is the total training loss calculated for a sequence-to-sequence model evaluated over $T$ time steps?,By summing (or averaging) the losses calculated individually at each time step $t$: $L_{total} = \sum_{t=1}^T L_t$.
What standard algorithm is used to compute gradients with respect to parameters in Recurrent Neural Networks?,Backpropagation Through Time (BPTT)
Why is training execution for vanilla Recurrent Neural Networks inherently sequential rather than parallel across time steps?,Because the hidden state calculation $h_t$ explicitly depends on the completion of the prior hidden state calculation $h_{t-1}$.
What mathematical mechanism causes vanishing or exploding gradients during Backpropagation Through Time (BPTT) in standard RNNs?,Repeated matrix multiplication by the recurrent weight matrix $W_{hh}$ over long sequence time steps.
What mathematical condition on the recurrent weight matrix $W_{hh}$ typically triggers exploding gradients in vanilla RNNs?,When the largest singular value (or eigenvalue) of $W_{hh}$ is significantly greater than $1$.
"In an Encoder-Decoder RNN framework for machine translation, what does the final hidden state of the encoder represent?",A fixed-dimensional vector encoding the global semantic concept/context of the input sequence.
"In deep learning image captioning architectures (e.g., Karpathy & Fei-Fei), what component extracts the image feature vector used to condition the language model?","A Convolutional Neural Network (CNN) backbone (e.g., AlexNet or VGG)."
What defines an autoregressive sequence model?,A model where previously predicted outputs at step $t-1$ are fed back into the network as input tokens for step $t$.
Which architectural feature in Long Short-Term Memory (LSTM) networks specifically mitigates the vanishing gradient problem of vanilla RNNs?,The introduction of a dedicated Cell State ($C_t$) operating alongside the Hidden State ($h_t$).
What role does the Cell State ($C_t$) serve within an LSTM memory cell?,It acts as a constant linear gradient highway that allows information and error signals to flow across time steps with minimal interruption.
What is the primary function of the Forget Gate ($f_t$) inside an LSTM cell?,To determine what percentage of information to keep or discard from the previous cell state $C_{t-1}$ using a sigmoid activation.
How does the Input Gate ($i_t$) contribute to updating the LSTM Cell State ($C_t$)?,It controls which newly computed candidate values ($\tilde{C}_t$) are added into the cell state.
What equation specifies how the LSTM hidden state $h_t$ is computed from the output gate $o_t$ and cell state $C_t$?,$h_t = o_t \odot \tanh(C_t)$
Why do additive cell state updates in LSTMs protect gradients from vanishing during BPTT?,"Additive updates prevent backpropagated error gradients from undergoing continuous matrix multiplication by $W_{hh}$, creating an uninterrupted path for error propagation."